Код,Найменування,Група
41030700,|Субвенція з державного бюджету бюджету Автономної Республіки Крим для здійснення природоохоронного заходу з розроблення матеріалів до проекту зміни меж та розширення території Ялтинського гірсько-лісового природного заповідника|,Інфраструктура та розвиток
41031400,|Субвенція з державного бюджету місцевим бюджетам на реалізацію проектів в рамках Надзвичайної кредитної програми для відновлення України|,Інфраструктура та розвиток
41031600,|Субвенція з державного бюджету місцевим бюджетам на стимулювання розвитку індустріальних парків|,Інфраструктура та розвиток
41031700,|Субвенція з державного бюджету місцевим бюджетам на відновлення об'єктів критичної інфраструктури в рамках спільного з Міжнародним банком реконструкції та розвитку проекту «Проект розвитку міської інфраструктури - 2»|,Інфраструктура та розвиток
41032100,|Субвенція з державного бюджету бюджету міста Києва на ремонт та реконструкцію мосту імені Є. О. Патона|,Інфраструктура та розвиток
41032200,"|Субвенція з державного бюджету місцевим бюджетам на розвиток спортивної інфраструктури, у тому числі реконструкцію, будівельно-ремонтні роботи об'єктів закладів фізичної культури і спорту, що забезпечують розвиток резервного спорту, льодових палаців/арен та стадіонів|",Інфраструктура та розвиток
41032400,|Субвенція з державного бюджету місцевим бюджетам на реалізацію проектів транскордонного співробітництва|,Інфраструктура та розвиток
41033100,"|Субвенція з державного бюджету місцевим бюджетам на реалізацію проектів в рамках Програми з відновлення України(""https://zakon.rada.gov.ua/rada/show/971_002-20#n3"")|",Інфраструктура та розвиток
41034700,"|Субвенція з державного бюджету місцевим бюджетам на реалізацію проектів (об'єктів, заходів), спрямованих на ліквідацію наслідків збройної агресії|",Інфраструктура та розвиток
41036700,|Субвенція з державного бюджету обласному бюджету Донецької області на погашення заборгованості за електричну енергію підприємств водопостачання|,Інфраструктура та розвиток
41037100,|Субвенція з державного бюджету бюджету Харківської міської територіальної громади на подовження третьої лінії метрополітену у м. Харкові|,Інфраструктура та розвиток
41037300,"|Субвенція з державного бюджету місцевим бюджетам на фінансове забезпечення будівництва, реконструкції, ремонту і утримання автомобільних доріг загального користування місцевого значення, вулиць і доріг комунальної власності у населених пунктах|",Інфраструктура та розвиток
41037600,|Субвенція з державного бюджету місцевим бюджетам на реалізацію проектів у рамках проекту «Рішення для відновлюваної енергетики (RES)»|,Інфраструктура та розвиток
41037700,|Субвенція з державного бюджету бюджету Дніпровської міської територіальної громади на завершення будівництва метрополітену у м. Дніпрі|,Інфраструктура та розвиток
41038100,"|Субвенція з державного бюджету місцевим бюджетам на фінансове забезпечення будівництва, реконструкції, ремонту і утримання автомобільних доріг загального користування місцевого значення, вулиць і доріг комунальної власності у населених пунктах для обласного бюджету Харківської області|",Інфраструктура та розвиток
41038800,"|Субвенція з державного бюджету місцевим бюджетам на реалізацію проектів в рамках Програми відновлення України III(""https://zakon.rada.gov.ua/rada/show/971_002-24#n23"")|",Інфраструктура та розвиток
41039100,"|Субвенція з державного бюджету місцевим бюджетам на реалізацію проектів ремонтно-реставраційних та консерваційних робіт пам'яток культурної спадщини, що перебувають у комунальній власності|",Інфраструктура та розвиток
41052500,|Субвенція з місцевого бюджету на реалізацію проектів в рамках Надзвичайної кредитної програми для відновлення України за рахунок відповідної субвенції з державного бюджету|,Інфраструктура та розвиток
41052600,"|Субвенція з місцевого бюджету на фінансове забезпечення будівництва, реконструкції, ремонту і утримання автомобільних доріг загального користування місцевого значення, вулиць і доріг комунальної власності у населених пунктах за рахунок відповідної субвенції з державного бюджету|",Інфраструктура та розвиток
41053400,|Субвенція з місцевого бюджету на підготовку та реалізацію публічних інвестиційних проектів / програм публічних інвестицій|,Інфраструктура та розвиток
41053500,"|Субвенція з місцевого бюджету на фінансове забезпечення будівництва, реконструкції, ремонту і утримання автомобільних доріг загального користування місцевого значення, вулиць і доріг комунальної власності у населених пунктах|",Інфраструктура та розвиток
41053800,|Субвенція з місцевого бюджету на реалізацію проектів співробітництва між територіальними громадами|,Інфраструктура та розвиток
41055800,"|Субвенція з місцевого бюджету на погашення заборгованості з різниці в тарифах на виробництво, транспортування та постачання теплової енергії, на теплову енергію, послуги з централізованого опалення та централізованого постачання гарячої води, послуги з постачання теплової енергії та постачання гарячої води|",Інфраструктура та розвиток
41057100,"|Субвенція з місцевого бюджету на фінансове забезпечення будівництва, реконструкції, ремонту і утримання автомобільних доріг загального користування місцевого значення, вулиць і доріг комунальної власності у населених пунктах за рахунок залишку коштів відповідної субвенції з державного бюджету, що утворився на початок бюджетного періоду|",Інфраструктура та розвиток
41057300,"|Субвенція з місцевого бюджету на реалізацію проектів ремонтно-реставраційних та консерваційних робіт пам'яток культурної спадщини, що перебувають у комунальній власності, за рахунок відповідної субвенції з державного бюджету|",Інфраструктура та розвиток
41058700,"|Субвенція з місцевого бюджету на відновлення об'єктів критичної інфраструктури в рамках спільного з Міжнародним банком реконструкції та розвитку проекту ""Проект розвитку міської інфраструктури - 2"" за рахунок відповідної субвенції з державного бюджету|",Інфраструктура та розвиток
41059100,"|Субвенція з місцевого бюджету на реалізацію проектів (об'єктів, заходів), спрямованих на ліквідацію наслідків збройної агресії, за рахунок відповідної субвенції з державного бюджету|",Інфраструктура та розвиток
41059900,"|Субвенція з місцевого бюджету на реалізацію проектів в рамках Програми відновлення України III(""https://zakon.rada.gov.ua/rada/show/971_002-24#n23"") за рахунок відповідної субвенції з державного бюджету|",Інфраструктура та розвиток
41030000,|Субвенції з державного бюджету місцевим бюджетам|,Інші (Загальні/Некласифіковані)
41030600,"|Субвенція з державного бюджету місцевим бюджетам на забезпечення окремих видатків районних рад, спрямованих на виконання їх повноважень|",Інші (Загальні/Некласифіковані)
41031200,|Субвенція з державного бюджету місцевим бюджетам на забезпечення нагальних потреб функціонування держави в умовах воєнного стану|,Інші (Загальні/Некласифіковані)
41031800,|Субвенція з державного бюджету обласному бюджету Дніпропетровської області на закупівлю нових трамваїв для мм. Дніпра та Кривого Рогу|,Інші (Загальні/Некласифіковані)
41037000,"|Субвенція з державного бюджету місцевим бюджетам на проведення виборів депутатів місцевих рад та сільських, селищних, міських голів |",Інші (Загальні/Некласифіковані)
41050000,|Субвенції з місцевих бюджетів іншим місцевим бюджетам|,Інші (Загальні/Некласифіковані)
41053000,"|Субвенція з місцевого бюджету на проведення виборів депутатів місцевих рад та сільських, селищних, міських голів, за рахунок відповідної субвенції з державного бюджету|",Інші (Загальні/Некласифіковані)
41053600,|Субвенція з місцевого бюджету на здійснення природоохоронних заходів|,Інші (Загальні/Некласифіковані)
41053900,|Інші субвенції з місцевого бюджету|,Інші (Загальні/Некласифіковані)
41030200,"виключено на підставі Наказу Міністерства фінансів № 497 від 12.04.2011(""https://zakon.rada.gov.ua/rada/show/v0497201-11"")}||",Історичні (Виключені)
41030300,"виключено на підставі Наказу Міністерства фінансів № 545 від 18.12.2019(""https://zakon.rada.gov.ua/rada/show/v0545201-19"")}||",Історичні (Виключені)
41030300,"виключено на підставі Наказу Міністерства фінансів № 1175 від 29.12.2017(""https://zakon.rada.gov.ua/rada/show/v1175201-17#n24"")}||",Історичні (Виключені)
41030400,"виключено на підставі Наказу Міністерства фінансів № 545 від 18.12.2019(""https://zakon.rada.gov.ua/rada/show/v0545201-19"")}||",Історичні (Виключені)
41030400,"виключено на підставі Наказу Міністерства фінансів № 1175 від 29.12.2017(""https://zakon.rada.gov.ua/rada/show/v1175201-17#n24"")}||",Історичні (Виключені)
41030400,"виключено на підставі Наказу Міністерства фінансів № 722 від 29.12.2021(""https://zakon.rada.gov.ua/rada/show/v0722201-21#n64"")}||",Історичні (Виключені)
41030600,"виключено на підставі Наказу Міністерства фінансів № 827 від 30.12.2020(""https://zakon.rada.gov.ua/rada/show/v0827201-20"")}||",Історичні (Виключені)
41030700,"виключено на підставі Наказу Міністерства фінансів № 497 від 12.04.2011(""https://zakon.rada.gov.ua/rada/show/v0497201-11"")}||",Історичні (Виключені)
41030800,"виключено на підставі Наказу Міністерства фінансів № 630 від 11.12.2024(""https://zakon.rada.gov.ua/rada/show/v0630201-24#n10"")}||",Історичні (Виключені)
41030800,"виключено на підставі Наказу Міністерства фінансів № 827 від 30.12.2020(""https://zakon.rada.gov.ua/rada/show/v0827201-20"")}||",Історичні (Виключені)
41030900,"виключено на підставі Наказу Міністерства фінансів № 630 від 11.12.2024(""https://zakon.rada.gov.ua/rada/show/v0630201-24#n10"")}||",Історичні (Виключені)
41030900,"виключено на підставі Наказу Міністерства фінансів № 827 від 30.12.2020(""https://zakon.rada.gov.ua/rada/show/v0827201-20"")}||",Історичні (Виключені)
41031000,"виключено на підставі Наказу Міністерства фінансів № 630 від 11.12.2024(""https://zakon.rada.gov.ua/rada/show/v0630201-24#n10"")}||",Історичні (Виключені)
41031000,"виключено на підставі Наказу Міністерства фінансів № 827 від 30.12.2020(""https://zakon.rada.gov.ua/rada/show/v0827201-20"")}||",Історичні (Виключені)
41031100,"виключено на підставі Наказу Міністерства фінансів № 1175 від 29.12.2017(""https://zakon.rada.gov.ua/rada/show/v1175201-17#n24"")}||",Історичні (Виключені)
41031100,"виключено на підставі Наказу Міністерства фінансів № 630 від 11.12.2024(""https://zakon.rada.gov.ua/rada/show/v0630201-24#n10"")}||",Історичні (Виключені)
41031200,"виключено на підставі Наказу Міністерства фінансів № 497 від 12.04.2011(""https://zakon.rada.gov.ua/rada/show/v0497201-11"")}||",Історичні (Виключені)
41031200,"виключено на підставі Наказу Міністерства фінансів № 722 від 29.12.2021(""https://zakon.rada.gov.ua/rada/show/v0722201-21#n64"")}||",Історичні (Виключені)
41031200,"виключено на підставі Наказу Міністерства фінансів № 1290 від 31.12.2014(""https://zakon.rada.gov.ua/rada/show/v1290201-14"")}||",Історичні (Виключені)
41031300,"виключено на підставі Наказу Міністерства фінансів № 568 від 29.05.2013(""https://zakon.rada.gov.ua/rada/show/v0568201-13"")}   ||",Історичні (Виключені)
41031300,"виключено на підставі Наказу Міністерства фінансів № 1175 від 29.12.2017(""https://zakon.rada.gov.ua/rada/show/v1175201-17#n24"")}||",Історичні (Виключені)
41031400,"виключено на підставі Наказу Міністерства фінансів № 497 від 12.04.2011(""https://zakon.rada.gov.ua/rada/show/v0497201-11"")}  ||",Історичні (Виключені)
41031400,"виключено на підставі Наказу Міністерства фінансів № 397 від 11.04.2014(""https://zakon.rada.gov.ua/rada/show/v0397201-14"")}  ||",Історичні (Виключені)
41031600,"виключено на підставі Наказу Міністерства фінансів № 827 від 30.12.2020(""https://zakon.rada.gov.ua/rada/show/v0827201-20"")}||",Історичні (Виключені)
41031600,"виключено на підставі Наказу Міністерства фінансів № 1175 від 29.12.2017(""https://zakon.rada.gov.ua/rada/show/v1175201-17#n24"")}||",Історичні (Виключені)
41031700,"виключено на підставі Наказу Міністерства фінансів № 722 від 29.12.2021(""https://zakon.rada.gov.ua/rada/show/v0722201-21#n64"")}||",Історичні (Виключені)
41031700,"виключено на підставі Наказу Міністерства фінансів № 1175 від 29.12.2017(""https://zakon.rada.gov.ua/rada/show/v1175201-17#n24"")}||",Історичні (Виключені)
41031800,"виключено на підставі Наказу Міністерства фінансів № 545 від 18.12.2019(""https://zakon.rada.gov.ua/rada/show/v0545201-19"")}||",Історичні (Виключені)
41031800,"виключено на підставі Наказу Міністерства фінансів № 497 від 12.04.2011(""https://zakon.rada.gov.ua/rada/show/v0497201-11"")}   ||",Історичні (Виключені)
41031800,"виключено на підставі Наказу Міністерства фінансів № 1175 від 29.12.2017(""https://zakon.rada.gov.ua/rada/show/v1175201-17#n24"")}||",Історичні (Виключені)
41031900,"виключено на підставі Наказу Міністерства фінансів № 545 від 18.12.2019(""https://zakon.rada.gov.ua/rada/show/v0545201-19"")}||",Історичні (Виключені)
41031900,"виключено на підставі Наказу Міністерства фінансів № 722 від 29.12.2021(""https://zakon.rada.gov.ua/rada/show/v0722201-21#n64"")}||",Історичні (Виключені)
41031900,"виключено на підставі Наказу Міністерства фінансів № 1175 від 29.12.2017(""https://zakon.rada.gov.ua/rada/show/v1175201-17#n24"")}||",Історичні (Виключені)
41032000,"виключено на підставі Наказу Міністерства фінансів № 630 від 11.12.2024(""https://zakon.rada.gov.ua/rada/show/v0630201-24#n10"")}||",Історичні (Виключені)
41032000,"виключено на підставі Наказу Міністерства фінансів № 1175 від 29.12.2017(""https://zakon.rada.gov.ua/rada/show/v1175201-17#n24"")}||",Історичні (Виключені)
41032100,"виключено на підставі Наказу Міністерства фінансів № 1175 від 29.12.2017(""https://zakon.rada.gov.ua/rada/show/v1175201-17#n24"")}||",Історичні (Виключені)
41032200,"виключено на підставі Наказу Міністерства фінансів № 827 від 30.12.2020(""https://zakon.rada.gov.ua/rada/show/v0827201-20"")}||",Історичні (Виключені)
41032200,"виключено на підставі Наказу Міністерства фінансів № 397 від 11.04.2014(""https://zakon.rada.gov.ua/rada/show/v0397201-14"")}||",Історичні (Виключені)
41032300,"виключено на підставі Наказу Міністерства фінансів № 545 від 18.12.2019(""https://zakon.rada.gov.ua/rada/show/v0545201-19"")}||",Історичні (Виключені)
41032300,"виключено на підставі Наказу Міністерства фінансів № 630 від 11.12.2024(""https://zakon.rada.gov.ua/rada/show/v0630201-24#n10"")}||",Історичні (Виключені)
41032300,"виключено на підставі Наказу Міністерства фінансів № 1175 від 29.12.2017(""https://zakon.rada.gov.ua/rada/show/v1175201-17#n24"")}||",Історичні (Виключені)
41032400,"виключено на підставі Наказу Міністерства фінансів № 70 від 01.02.2018(""https://zakon.rada.gov.ua/rada/show/v0070201-18#n26"")}||",Історичні (Виключені)
41032500,"виключено на підставі Наказу Міністерства фінансів № 630 від 11.12.2024(""https://zakon.rada.gov.ua/rada/show/v0630201-24#n10"")}||",Історичні (Виключені)
41032500,"виключено на підставі Наказу Міністерства фінансів № 827 від 30.12.2020(""https://zakon.rada.gov.ua/rada/show/v0827201-20"")}||",Історичні (Виключені)
41032500,"виключено на підставі Наказу Міністерства фінансів № 568 від 29.05.2013(""https://zakon.rada.gov.ua/rada/show/v0568201-13"")}||",Історичні (Виключені)
41032500,"виключено на підставі Наказу Міністерства фінансів № 1175 від 29.12.2017(""https://zakon.rada.gov.ua/rada/show/v1175201-17#n24"")}||",Історичні (Виключені)
41032600,"виключено на підставі Наказу Міністерства фінансів № 630 від 11.12.2024(""https://zakon.rada.gov.ua/rada/show/v0630201-24#n10"")}||",Історичні (Виключені)
41032600,"виключено на підставі Наказу Міністерства фінансів № 545 від 18.12.2019(""https://zakon.rada.gov.ua/rada/show/v0545201-19"")}||",Історичні (Виключені)
41032700,"виключено на підставі Наказу Міністерства фінансів № 647 від 18.12.2024(""https://zakon.rada.gov.ua/rada/show/v0647201-24#n24"")}||",Історичні (Виключені)
41032700,"виключено на підставі Наказу Міністерства фінансів № 568 від 29.05.2013(""https://zakon.rada.gov.ua/rada/show/v0568201-13"")}||",Історичні (Виключені)
41032700,"виключено на підставі Наказу Міністерства фінансів № 1175 від 29.12.2017(""https://zakon.rada.gov.ua/rada/show/v1175201-17#n24"")}||",Історичні (Виключені)
41032800,"виключено на підставі Наказу Міністерства фінансів № 722 від 29.12.2021(""https://zakon.rada.gov.ua/rada/show/v0722201-21#n64"")}||",Історичні (Виключені)
41032800,"виключено на підставі Наказу Міністерства фінансів № 1175 від 29.12.2017(""https://zakon.rada.gov.ua/rada/show/v1175201-17#n24"")}||",Історичні (Виключені)
41032900,"виключено на підставі Наказу Міністерства фінансів № 652 від 24.12.2025(""https://zakon.rada.gov.ua/rada/show/v0652201-25#n24"")}||",Історичні (Виключені)
41032900,"виключено на підставі Наказу Міністерства фінансів № 827 від 30.12.2020(""https://zakon.rada.gov.ua/rada/show/v0827201-20"")}||",Історичні (Виключені)
41032900,"виключено на підставі Наказу Міністерства фінансів № 568 від 29.05.2013(""https://zakon.rada.gov.ua/rada/show/v0568201-13"")}||",Історичні (Виключені)
41032900,"виключено на підставі Наказу Міністерства фінансів № 1175 від 29.12.2017(""https://zakon.rada.gov.ua/rada/show/v1175201-17#n24"")}||",Історичні (Виключені)
41033000,"виключено на підставі Наказу Міністерства фінансів № 568 від 29.05.2013(""https://zakon.rada.gov.ua/rada/show/v0568201-13"")}||",Історичні (Виключені)
41033000,"виключено на підставі Наказу Міністерства фінансів № 1175 від 29.12.2017(""https://zakon.rada.gov.ua/rada/show/v1175201-17#n24"")}||",Історичні (Виключені)
41033100,"виключено на підставі Наказу Міністерства фінансів № 1175 від 29.12.2017(""https://zakon.rada.gov.ua/rada/show/v1175201-17#n24"")}||",Історичні (Виключені)
41033200,"виключено на підставі Наказу Міністерства фінансів № 397 від 11.04.2014(""https://zakon.rada.gov.ua/rada/show/v0397201-14"")}||",Історичні (Виключені)
41033200,"виключено на підставі Наказу Міністерства фінансів № 497 від 12.04.2011(""https://zakon.rada.gov.ua/rada/show/v0497201-11"")}||",Історичні (Виключені)
41033200,"виключено на підставі Наказу Міністерства фінансів № 568 від 29.05.2013(""https://zakon.rada.gov.ua/rada/show/v0568201-13"")}||",Історичні (Виключені)
41033200,"виключено на підставі Наказу Міністерства фінансів № 722 від 29.12.2021(""https://zakon.rada.gov.ua/rada/show/v0722201-21#n64"")}||",Історичні (Виключені)
41033300,"виключено на підставі Наказу Міністерства фінансів № 397 від 11.04.2014(""https://zakon.rada.gov.ua/rada/show/v0397201-14"")}||",Історичні (Виключені)
41033300,"виключено на підставі Наказу Міністерства фінансів № 568 від 29.05.2013(""https://zakon.rada.gov.ua/rada/show/v0568201-13"")}||",Історичні (Виключені)
41033300,"виключено на підставі Наказу Міністерства фінансів № 434 від 15.12.2022(""https://zakon.rada.gov.ua/rada/show/v0434201-22#n24"")}||",Історичні (Виключені)
41033400,"виключено на підставі Наказу Міністерства фінансів № 497 від 12.04.2011(""https://zakon.rada.gov.ua/rada/show/v0497201-11"")}||",Історичні (Виключені)
41033400,"виключено на підставі Наказу Міністерства фінансів № 568 від 29.05.2013(""https://zakon.rada.gov.ua/rada/show/v0568201-13"")}||",Історичні (Виключені)
41033400,"виключено на підставі Наказу Міністерства фінансів № 1175 від 29.12.2017(""https://zakon.rada.gov.ua/rada/show/v1175201-17#n24"")}||",Історичні (Виключені)
41033400,"виключено на підставі Наказу Міністерства фінансів № 630 від 11.12.2024(""https://zakon.rada.gov.ua/rada/show/v0630201-24#n10"")}||",Історичні (Виключені)
41033500,"виключено на підставі Наказу Міністерства фінансів № 568 від 29.05.2013(""https://zakon.rada.gov.ua/rada/show/v0568201-13"")}||",Історичні (Виключені)
41033500,"виключено на підставі Наказу Міністерства фінансів № 2 від 05.01.2016(""https://zakon.rada.gov.ua/rada/show/v0002201-16#n24"")}||",Історичні (Виключені)
41033500,"виключено на підставі Наказу Міністерства фінансів № 827 від 30.12.2020(""https://zakon.rada.gov.ua/rada/show/v0827201-20"")}||",Історичні (Виключені)
41033600,"виключено на підставі Наказу Міністерства фінансів № 545 від 18.12.2019(""https://zakon.rada.gov.ua/rada/show/v0545201-19"")}||",Історичні (Виключені)
41033700,"виключено на підставі Наказу Міністерства фінансів № 545 від 18.12.2019(""https://zakon.rada.gov.ua/rada/show/v0545201-19"")}||",Історичні (Виключені)
41033800,"виключено на підставі Наказу Міністерства фінансів № 397 від 11.04.2014(""https://zakon.rada.gov.ua/rada/show/v0397201-14"")}||",Історичні (Виключені)
41033800,"виключено на підставі Наказу Міністерства фінансів № 568 від 29.05.2013(""https://zakon.rada.gov.ua/rada/show/v0568201-13"")}||",Історичні (Виключені)
41033900,"виключено на підставі Наказу Міністерства фінансів № 740 від 21.06.2011(""https://zakon.rada.gov.ua/rada/show/v0740201-11"")}||",Історичні (Виключені)
41033900,"виключено на підставі Наказу Міністерства фінансів № 378 від 07.03.2013(""https://zakon.rada.gov.ua/rada/show/v0378201-13"")}||",Історичні (Виключені)
41034000,"виключено на підставі Наказу Міністерства фінансів № 1175 від 29.12.2017(""https://zakon.rada.gov.ua/rada/show/v1175201-17#n24"")}||",Історичні (Виключені)
41034100,"виключено на підставі Наказу Міністерства фінансів № 497 від 12.04.2011(""https://zakon.rada.gov.ua/rada/show/v0497201-11"")}||",Історичні (Виключені)
41034100,"виключено на підставі Наказу Міністерства фінансів № 1175 від 29.12.2017(""https://zakon.rada.gov.ua/rada/show/v1175201-17#n24"")}||",Історичні (Виключені)
41034200,"виключено на підставі Наказу Міністерства фінансів № 568 від 29.05.2013(""https://zakon.rada.gov.ua/rada/show/v0568201-13"")}||",Історичні (Виключені)
41034200,"виключено на підставі Наказу Міністерства фінансів № 722 від 29.12.2021(""https://zakon.rada.gov.ua/rada/show/v0722201-21#n64"")}||",Історичні (Виключені)
41034300,"виключено на підставі Наказу Міністерства фінансів № 1175 від 29.12.2017(""https://zakon.rada.gov.ua/rada/show/v1175201-17#n24"")}||",Історичні (Виключені)
41034300,"виключено на підставі Наказу Міністерства фінансів № 434 від 15.12.2022(""https://zakon.rada.gov.ua/rada/show/v0434201-22#n24"")}||",Історичні (Виключені)
41034400,"виключено на підставі Наказу Міністерства фінансів № 1290 від 31.12.2014(""https://zakon.rada.gov.ua/rada/show/v1290201-14"")}||",Історичні (Виключені)
41034600,"виключено на підставі Наказу Міністерства фінансів № 1290 від 31.12.2014(""https://zakon.rada.gov.ua/rada/show/v1290201-14"")}||",Історичні (Виключені)
41034700,"виключено на підставі Наказу Міністерства фінансів № 497 від 12.04.2011(""https://zakon.rada.gov.ua/rada/show/v0497201-11"")}||",Історичні (Виключені)
41034700,"виключено на підставі Наказу Міністерства фінансів № 568 від 29.05.2013(""https://zakon.rada.gov.ua/rada/show/v0568201-13"")}||",Історичні (Виключені)
41034700,"виключено на підставі Наказу Міністерства фінансів № 1175 від 29.12.2017(""https://zakon.rada.gov.ua/rada/show/v1175201-17#n24"")}||",Історичні (Виключені)
41034700,"виключено на підставі Наказу Міністерства фінансів № 722 від 29.12.2021(""https://zakon.rada.gov.ua/rada/show/v0722201-21#n64"")}||",Історичні (Виключені)
41034800,"виключено на підставі Наказу Міністерства фінансів № 1175 від 29.12.2017(""https://zakon.rada.gov.ua/rada/show/v1175201-17#n24"")}||",Історичні (Виключені)
41034800,"виключено на підставі Наказу Міністерства фінансів № 722 від 29.12.2021(""https://zakon.rada.gov.ua/rada/show/v0722201-21#n64"")}||",Історичні (Виключені)
41034900,"виключено на підставі Наказу Міністерства фінансів № 497 від 12.04.2011(""https://zakon.rada.gov.ua/rada/show/v0497201-11"")}||",Історичні (Виключені)
41034900,"виключено на підставі Наказу Міністерства фінансів № 568 від 29.05.2013(""https://zakon.rada.gov.ua/rada/show/v0568201-13"")}||",Історичні (Виключені)
41035000,"виключено на підставі Наказу Міністерства фінансів № 1175 від 29.12.2017(""https://zakon.rada.gov.ua/rada/show/v1175201-17#n24"")}||",Історичні (Виключені)
41035200,"виключено на підставі Наказу Міністерства фінансів № 1290 від 31.12.2014(""https://zakon.rada.gov.ua/rada/show/v1290201-14"")}||",Історичні (Виключені)
41035200,"виключено на підставі Наказу Міністерства фінансів № 1175 від 29.12.2017(""https://zakon.rada.gov.ua/rada/show/v1175201-17#n24"")}||",Історичні (Виключені)
41035200,"виключено на підставі Наказу Міністерства фінансів № 630 від 11.12.2024(""https://zakon.rada.gov.ua/rada/show/v0630201-24#n10"")}||",Історичні (Виключені)
41035300,"виключено на підставі Наказу Міністерства фінансів № 568 від 29.05.2013(""https://zakon.rada.gov.ua/rada/show/v0568201-13"")}  ||",Історичні (Виключені)
41035300,"виключено на підставі Наказу Міністерства фінансів № 1175 від 29.12.2017(""https://zakon.rada.gov.ua/rada/show/v1175201-17#n24"")}||",Історичні (Виключені)
41035300,"виключено на підставі Наказу Міністерства фінансів № 630 від 11.12.2024(""https://zakon.rada.gov.ua/rada/show/v0630201-24#n10"")}||",Історичні (Виключені)
41035400,"виключено на підставі Наказу Міністерства фінансів № 568 від 29.05.2013(""https://zakon.rada.gov.ua/rada/show/v0568201-13"")}  ||",Історичні (Виключені)
41035400,"виключено на підставі Наказу Міністерства фінансів № 497 від 12.04.2011(""https://zakon.rada.gov.ua/rada/show/v0497201-11"")}  ||",Історичні (Виключені)
41035500,"виключено на підставі Наказу Міністерства фінансів № 630 від 11.12.2024(""https://zakon.rada.gov.ua/rada/show/v0630201-24#n10"")}||",Історичні (Виключені)
41035500,"виключено на підставі Наказу Міністерства фінансів № 497 від 12.04.2011(""https://zakon.rada.gov.ua/rada/show/v0497201-11"")}   ||",Історичні (Виключені)
41035500,"виключено на підставі Наказу Міністерства фінансів № 1175 від 29.12.2017(""https://zakon.rada.gov.ua/rada/show/v1175201-17#n24"")}||",Історичні (Виключені)
41035600,"виключено на підставі Наказу Міністерства фінансів № 652 від 24.12.2025(""https://zakon.rada.gov.ua/rada/show/v0652201-25#n24"")}||",Історичні (Виключені)
41035600,"виключено на підставі Наказу Міністерства фінансів № 1290 від 31.12.2014(""https://zakon.rada.gov.ua/rada/show/v1290201-14"")}||",Історичні (Виключені)
41035700,"виключено на підставі Наказу Міністерства фінансів № 652 від 24.12.2025(""https://zakon.rada.gov.ua/rada/show/v0652201-25#n24"")}||",Історичні (Виключені)
41035700,"виключено на підставі Наказу Міністерства фінансів № 1175 від 29.12.2017(""https://zakon.rada.gov.ua/rada/show/v1175201-17#n24"")}||",Історичні (Виключені)
41035800,"виключено на підставі Наказу Міністерства фінансів № 827 від 30.12.2020(""https://zakon.rada.gov.ua/rada/show/v0827201-20"")}||",Історичні (Виключені)
41035900,"виключено на підставі Наказу Міністерства фінансів № 647 від 18.12.2024(""https://zakon.rada.gov.ua/rada/show/v0647201-24#n24"")}||",Історичні (Виключені)
41035900,"виключено на підставі Наказу Міністерства фінансів № 1175 від 29.12.2017(""https://zakon.rada.gov.ua/rada/show/v1175201-17#n24"")}||",Історичні (Виключені)
41036000,"виключено на підставі Наказу Міністерства фінансів № 1175 від 29.12.2017(""https://zakon.rada.gov.ua/rada/show/v1175201-17#n24"")}||",Історичні (Виключені)
41036000,"виключено на підставі Наказу Міністерства фінансів № 722 від 29.12.2021(""https://zakon.rada.gov.ua/rada/show/v0722201-21#n64"")}||",Історичні (Виключені)
41036200,"виключено на підставі Наказу Міністерства фінансів № 1175 від 29.12.2017(""https://zakon.rada.gov.ua/rada/show/v1175201-17#n24"")}||",Історичні (Виключені)
41036300,"виключено на підставі Наказу Міністерства фінансів № 722 від 29.12.2021(""https://zakon.rada.gov.ua/rada/show/v0722201-21#n64"")}||",Історичні (Виключені)
41036500,"виключено на підставі Наказу Міністерства фінансів № 497 від 12.04.2011(""https://zakon.rada.gov.ua/rada/show/v0497201-11"")}||",Історичні (Виключені)
41036500,"виключено на підставі Наказу Міністерства фінансів № 1175 від 29.12.2017(""https://zakon.rada.gov.ua/rada/show/v1175201-17#n24"")}||",Історичні (Виключені)
41036500,"виключено на підставі Наказу Міністерства фінансів № 434 від 15.12.2022(""https://zakon.rada.gov.ua/rada/show/v0434201-22#n24"")}||",Історичні (Виключені)
41036800,"виключено на підставі Наказу Міністерства фінансів № 434 від 15.12.2022(""https://zakon.rada.gov.ua/rada/show/v0434201-22#n24"")}||",Історичні (Виключені)
41036900,"виключено на підставі Наказу Міністерства фінансів № 630 від 11.12.2024(""https://zakon.rada.gov.ua/rada/show/v0630201-24#n10"")}||",Історичні (Виключені)
41037400,"виключено на підставі Наказу Міністерства фінансів № 630 від 11.12.2024(""https://zakon.rada.gov.ua/rada/show/v0630201-24#n10"")}||",Історичні (Виключені)
41037400,"виключено на підставі Наказу Міністерства фінансів № 722 від 29.12.2021(""https://zakon.rada.gov.ua/rada/show/v0722201-21#n64"")}||",Історичні (Виключені)
41037600,"виключено на підставі Наказу Міністерства фінансів № 1175 від 29.12.2017(""https://zakon.rada.gov.ua/rada/show/v1175201-17#n24"")}||",Історичні (Виключені)
41037600,"виключено на підставі Наказу Міністерства фінансів № 630 від 11.12.2024(""https://zakon.rada.gov.ua/rada/show/v0630201-24#n10"")}||",Історичні (Виключені)
41037700,"виключено на підставі Наказу Міністерства фінансів № 497 від 12.04.2011(""https://zakon.rada.gov.ua/rada/show/v0497201-11"")}||",Історичні (Виключені)
41037800,"виключено на підставі Наказу Міністерства фінансів № 568 від 29.05.2013(""https://zakon.rada.gov.ua/rada/show/v0568201-13"")}||",Історичні (Виключені)
41037800,"виключено на підставі Наказу Міністерства фінансів № 722 від 29.12.2021(""https://zakon.rada.gov.ua/rada/show/v0722201-21#n64"")}||",Історичні (Виключені)
41037900,"виключено на підставі Наказу Міністерства фінансів № 568 від 29.05.2013(""https://zakon.rada.gov.ua/rada/show/v0568201-13"")}||",Історичні (Виключені)
41037900,"виключено на підставі Наказу Міністерства фінансів № 630 від 11.12.2024(""https://zakon.rada.gov.ua/rada/show/v0630201-24#n10"")}||",Історичні (Виключені)
41038000,"виключено на підставі Наказу Міністерства фінансів № 568 від 29.05.2013(""https://zakon.rada.gov.ua/rada/show/v0568201-13"")}||",Історичні (Виключені)
41038000,"виключено на підставі Наказу Міністерства фінансів № 630 від 11.12.2024(""https://zakon.rada.gov.ua/rada/show/v0630201-24#n10"")}||",Історичні (Виключені)
41038100,"виключено на підставі Наказу Міністерства фінансів № 568 від 29.05.2013(""https://zakon.rada.gov.ua/rada/show/v0568201-13"")}||",Історичні (Виключені)
41038100,"виключено на підставі Наказу Міністерства фінансів № 630 від 11.12.2024(""https://zakon.rada.gov.ua/rada/show/v0630201-24#n10"")}||",Історичні (Виключені)
41038200,"виключено на підставі Наказу Міністерства фінансів № 568 від 29.05.2013(""https://zakon.rada.gov.ua/rada/show/v0568201-13"")}||",Історичні (Виключені)
41038200,"виключено на підставі Наказу Міністерства фінансів № 630 від 11.12.2024(""https://zakon.rada.gov.ua/rada/show/v0630201-24#n10"")}||",Історичні (Виключені)
41038300,"виключено на підставі Наказу Міністерства фінансів № 568 від 29.05.2013(""https://zakon.rada.gov.ua/rada/show/v0568201-13"")}||",Історичні (Виключені)
41038300,"виключено на підставі Наказу Міністерства фінансів № 630 від 11.12.2024(""https://zakon.rada.gov.ua/rada/show/v0630201-24#n10"")}||",Історичні (Виключені)
41038400,"виключено на підставі Наказу Міністерства фінансів № 568 від 29.05.2013(""https://zakon.rada.gov.ua/rada/show/v0568201-13"")}||",Історичні (Виключені)
41038400,"виключено на підставі Наказу Міністерства фінансів № 630 від 11.12.2024(""https://zakon.rada.gov.ua/rada/show/v0630201-24#n10"")}||",Історичні (Виключені)
41038500,"виключено на підставі Наказу Міністерства фінансів № 568 від 29.05.2013(""https://zakon.rada.gov.ua/rada/show/v0568201-13"")}||",Історичні (Виключені)
41038500,"виключено на підставі Наказу Міністерства фінансів № 630 від 11.12.2024(""https://zakon.rada.gov.ua/rada/show/v0630201-24#n10"")}||",Історичні (Виключені)
41038600,"виключено на підставі Наказу Міністерства фінансів № 568 від 29.05.2013(""https://zakon.rada.gov.ua/rada/show/v0568201-13"")}||",Історичні (Виключені)
41038600,"виключено на підставі Наказу Міністерства фінансів № 630 від 11.12.2024(""https://zakon.rada.gov.ua/rada/show/v0630201-24#n10"")}||",Історичні (Виключені)
41038700,"виключено на підставі Наказу Міністерства фінансів № 568 від 29.05.2013(""https://zakon.rada.gov.ua/rada/show/v0568201-13"")}||",Історичні (Виключені)
41038700,"виключено на підставі Наказу Міністерства фінансів № 630 від 11.12.2024(""https://zakon.rada.gov.ua/rada/show/v0630201-24#n10"")}||",Історичні (Виключені)
41038800,"виключено на підставі Наказу Міністерства фінансів № 568 від 29.05.2013(""https://zakon.rada.gov.ua/rada/show/v0568201-13"")}||",Історичні (Виключені)
41038800,"виключено на підставі Наказу Міністерства фінансів № 630 від 11.12.2024(""https://zakon.rada.gov.ua/rada/show/v0630201-24#n10"")}||",Історичні (Виключені)
41038900,"виключено на підставі Наказу Міністерства фінансів № 568 від 29.05.2013(""https://zakon.rada.gov.ua/rada/show/v0568201-13"")}||",Історичні (Виключені)
41038900,"виключено на підставі Наказу Міністерства фінансів № 630 від 11.12.2024(""https://zakon.rada.gov.ua/rada/show/v0630201-24#n10"")}||",Історичні (Виключені)
41039000,"виключено на підставі Наказу Міністерства фінансів № 568 від 29.05.2013(""https://zakon.rada.gov.ua/rada/show/v0568201-13"")}  ||",Історичні (Виключені)
41039000,"виключено на підставі Наказу Міністерства фінансів № 630 від 11.12.2024(""https://zakon.rada.gov.ua/rada/show/v0630201-24#n10"")}||",Історичні (Виключені)
41039100,"виключено на підставі Наказу Міністерства фінансів № 568 від 29.05.2013(""https://zakon.rada.gov.ua/rada/show/v0568201-13"")}  ||",Історичні (Виключені)
41039100,"виключено на підставі Наказу Міністерства фінансів № 827 від 30.12.2020(""https://zakon.rada.gov.ua/rada/show/v0827201-20"")}||",Історичні (Виключені)
41039200,"виключено на підставі Наказу Міністерства фінансів № 568 від 29.05.2013(""https://zakon.rada.gov.ua/rada/show/v0568201-13"")}  ||",Історичні (Виключені)
41039200,"виключено на підставі Наказу Міністерства фінансів № 630 від 11.12.2024(""https://zakon.rada.gov.ua/rada/show/v0630201-24#n10"")}||",Історичні (Виключені)
41039300,"виключено на підставі Наказу Міністерства фінансів № 568 від 29.05.2013(""https://zakon.rada.gov.ua/rada/show/v0568201-13"")}  ||",Історичні (Виключені)
41039300,"виключено на підставі Наказу Міністерства фінансів № 630 від 11.12.2024(""https://zakon.rada.gov.ua/rada/show/v0630201-24#n10"")}||",Історичні (Виключені)
41039400,"виключено на підставі Наказу Міністерства фінансів № 568 від 29.05.2013(""https://zakon.rada.gov.ua/rada/show/v0568201-13"")}  ||",Історичні (Виключені)
41039400,"виключено на підставі Наказу Міністерства фінансів № 630 від 11.12.2024(""https://zakon.rada.gov.ua/rada/show/v0630201-24#n10"")}||",Історичні (Виключені)
41039500,"виключено на підставі Наказу Міністерства фінансів № 568 від 29.05.2013(""https://zakon.rada.gov.ua/rada/show/v0568201-13"")}  ||",Історичні (Виключені)
41039500,"виключено на підставі Наказу Міністерства фінансів № 630 від 11.12.2024(""https://zakon.rada.gov.ua/rada/show/v0630201-24#n10"")}||",Історичні (Виключені)
41039600,"виключено на підставі Наказу Міністерства фінансів № 568 від 29.05.2013(""https://zakon.rada.gov.ua/rada/show/v0568201-13"")}  ||",Історичні (Виключені)
41039600,"виключено на підставі Наказу Міністерства фінансів № 630 від 11.12.2024(""https://zakon.rada.gov.ua/rada/show/v0630201-24#n10"")}||",Історичні (Виключені)
41039700,"виключено на підставі Наказу Міністерства фінансів № 2 від 05.01.2016(""https://zakon.rada.gov.ua/rada/show/v0002201-16#n24"")}||",Історичні (Виключені)
41039700,"виключено на підставі Наказу Міністерства фінансів № 630 від 11.12.2024(""https://zakon.rada.gov.ua/rada/show/v0630201-24#n10"")}||",Історичні (Виключені)
41039800,"виключено на підставі Наказу Міністерства фінансів № 630 від 11.12.2024(""https://zakon.rada.gov.ua/rada/show/v0630201-24#n10"")}||",Історичні (Виключені)
41039800,"виключено на підставі Наказу Міністерства фінансів № 1175 від 29.12.2017(""https://zakon.rada.gov.ua/rada/show/v1175201-17#n24"")}||",Історичні (Виключені)
41039900,"виключено на підставі Наказу Міністерства фінансів № 630 від 11.12.2024(""https://zakon.rada.gov.ua/rada/show/v0630201-24#n10"")}||",Історичні (Виключені)
41039900,"виключено на підставі Наказу Міністерства фінансів № 1175 від 29.12.2017(""https://zakon.rada.gov.ua/rada/show/v1175201-17#n24"")}||",Історичні (Виключені)
41050100,"виключено на підставі Наказу Міністерства фінансів № 827 від 30.12.2020(""https://zakon.rada.gov.ua/rada/show/v0827201-20"")}||",Історичні (Виключені)
41050200,"виключено на підставі Наказу Міністерства фінансів № 827 від 30.12.2020(""https://zakon.rada.gov.ua/rada/show/v0827201-20"")}||",Історичні (Виключені)
41050300,"виключено на підставі Наказу Міністерства фінансів № 827 від 30.12.2020(""https://zakon.rada.gov.ua/rada/show/v0827201-20"")}||",Історичні (Виключені)
41050700,"виключено на підставі Наказу Міністерства фінансів № 827 від 30.12.2020(""https://zakon.rada.gov.ua/rada/show/v0827201-20"")}||",Історичні (Виключені)
41051500,"виключено на підставі Наказу Міністерства фінансів № 722 від 29.12.2021(""https://zakon.rada.gov.ua/rada/show/v0722201-21#n64"")}||",Історичні (Виключені)
41051600,"виключено на підставі Наказу Міністерства фінансів № 722 від 29.12.2021(""https://zakon.rada.gov.ua/rada/show/v0722201-21#n64"")}||",Історичні (Виключені)
41051700,"виключено на підставі Наказу Міністерства фінансів № 545 від 18.12.2019(""https://zakon.rada.gov.ua/rada/show/v0545201-19"")}||",Історичні (Виключені)
41051800,"виключено на підставі Наказу Міністерства фінансів № 545 від 18.12.2019(""https://zakon.rada.gov.ua/rada/show/v0545201-19"")}||",Історичні (Виключені)
41051800,"виключено на підставі Наказу Міністерства фінансів № 722 від 29.12.2021(""https://zakon.rada.gov.ua/rada/show/v0722201-21#n64"")}||",Історичні (Виключені)
41051900,"виключено на підставі Наказу Міністерства фінансів № 827 від 30.12.2020(""https://zakon.rada.gov.ua/rada/show/v0827201-20"")}||",Історичні (Виключені)
41052000,"виключено на підставі Наказу Міністерства фінансів № 545 від 18.12.2019(""https://zakon.rada.gov.ua/rada/show/v0545201-19"")}||",Історичні (Виключені)
41052200,"виключено на підставі Наказу Міністерства фінансів № 434 від 15.12.2022(""https://zakon.rada.gov.ua/rada/show/v0434201-22#n24"")}||",Історичні (Виключені)
41052300,"виключено на підставі Наказу Міністерства фінансів № 630 від 11.12.2024(""https://zakon.rada.gov.ua/rada/show/v0630201-24#n10"")}||",Історичні (Виключені)
41052400,"виключено на підставі Наказу Міністерства фінансів № 722 від 29.12.2021(""https://zakon.rada.gov.ua/rada/show/v0722201-21#n64"")}||",Історичні (Виключені)
41052700,"виключено на підставі Наказу Міністерства фінансів № 722 від 29.12.2021(""https://zakon.rada.gov.ua/rada/show/v0722201-21#n64"")}||",Історичні (Виключені)
41052800,"виключено на підставі Наказу Міністерства фінансів № 722 від 29.12.2021(""https://zakon.rada.gov.ua/rada/show/v0722201-21#n64"")}||",Історичні (Виключені)
41053100,"виключено на підставі Наказу Міністерства фінансів № 827 від 30.12.2020(""https://zakon.rada.gov.ua/rada/show/v0827201-20"")}||",Історичні (Виключені)
41053200,"виключено на підставі Наказу Міністерства фінансів № 1084 від 21.12.2018(""https://zakon.rada.gov.ua/rada/show/v1084201-18#n28"")}||",Історичні (Виключені)
41053200,"виключено на підставі Наказу Міністерства фінансів № 434 від 15.12.2022(""https://zakon.rada.gov.ua/rada/show/v0434201-22#n24"")}||",Історичні (Виключені)
41053700,"виключено на підставі Наказу Міністерства фінансів № 652 від 24.12.2025(""https://zakon.rada.gov.ua/rada/show/v0652201-25#n24"")}||",Історичні (Виключені)
41054000,"виключено на підставі Наказу Міністерства фінансів № 434 від 15.12.2022(""https://zakon.rada.gov.ua/rada/show/v0434201-22#n24"")}||",Історичні (Виключені)
41054300,"виключено на підставі Наказу Міністерства фінансів № 545 від 18.12.2019(""https://zakon.rada.gov.ua/rada/show/v0545201-19"")}||",Історичні (Виключені)
41054400,"виключено на підставі Наказу Міністерства фінансів № 545 від 18.12.2019(""https://zakon.rada.gov.ua/rada/show/v0545201-19"")}||",Історичні (Виключені)
41054500,"виключено на підставі Наказу Міністерства фінансів № 827 від 30.12.2020(""https://zakon.rada.gov.ua/rada/show/v0827201-20"")}||",Історичні (Виключені)
41054600,"виключено на підставі Наказу Міністерства фінансів № 722 від 29.12.2021(""https://zakon.rada.gov.ua/rada/show/v0722201-21#n64"")}||",Історичні (Виключені)
41054700,"виключено на підставі Наказу Міністерства фінансів № 545 від 18.12.2019(""https://zakon.rada.gov.ua/rada/show/v0545201-19"")}||",Історичні (Виключені)
41054800,"виключено на підставі Наказу Міністерства фінансів № 827 від 30.12.2020(""https://zakon.rada.gov.ua/rada/show/v0827201-20"")}||",Історичні (Виключені)
41054900,"виключено на підставі Наказу Міністерства фінансів № 647 від 18.12.2024(""https://zakon.rada.gov.ua/rada/show/v0647201-24#n24"")}||",Історичні (Виключені)
41055200,"виключено на підставі Наказу Міністерства фінансів № 722 від 29.12.2021(""https://zakon.rada.gov.ua/rada/show/v0722201-21#n64"")}||",Історичні (Виключені)
41055300,"виключено на підставі Наказу Міністерства фінансів № 722 від 29.12.2021(""https://zakon.rada.gov.ua/rada/show/v0722201-21#n64"")}||",Історичні (Виключені)
41055400,"виключено на підставі Наказу Міністерства фінансів № 630 від 11.12.2024(""https://zakon.rada.gov.ua/rada/show/v0630201-24#n10"")}||",Історичні (Виключені)
41055500,"виключено на підставі Наказу Міністерства фінансів № 630 від 11.12.2024(""https://zakon.rada.gov.ua/rada/show/v0630201-24#n10"")}||",Історичні (Виключені)
41055600,"виключено на підставі Наказу Міністерства фінансів № 630 від 11.12.2024(""https://zakon.rada.gov.ua/rada/show/v0630201-24#n10"")}||",Історичні (Виключені)
41055700,"виключено на підставі Наказу Міністерства фінансів № 630 від 11.12.2024(""https://zakon.rada.gov.ua/rada/show/v0630201-24#n10"")}||",Історичні (Виключені)
41055800,"виключено на підставі Наказу Міністерства фінансів № 722 від 29.12.2021(""https://zakon.rada.gov.ua/rada/show/v0722201-21#n64"")}||",Історичні (Виключені)
41055900,"виключено на підставі Наказу Міністерства фінансів № 722 від 29.12.2021(""https://zakon.rada.gov.ua/rada/show/v0722201-21#n64"")}||",Історичні (Виключені)
41056000,"виключено на підставі Наказу Міністерства фінансів № 630 від 11.12.2024(""https://zakon.rada.gov.ua/rada/show/v0630201-24#n10"")}||",Історичні (Виключені)
41056100,"виключено на підставі Наказу Міністерства фінансів № 630 від 11.12.2024(""https://zakon.rada.gov.ua/rada/show/v0630201-24#n10"")}||",Історичні (Виключені)
41056200,"виключено на підставі Наказу Міністерства фінансів № 630 від 11.12.2024(""https://zakon.rada.gov.ua/rada/show/v0630201-24#n10"")}||",Історичні (Виключені)
41056300,"виключено на підставі Наказу Міністерства фінансів № 630 від 11.12.2024(""https://zakon.rada.gov.ua/rada/show/v0630201-24#n10"")}||",Історичні (Виключені)
41056400,"виключено на підставі Наказу Міністерства фінансів № 652 від 24.12.2025(""https://zakon.rada.gov.ua/rada/show/v0652201-25#n24"")}||",Історичні (Виключені)
41056500,"виключено на підставі Наказу Міністерства фінансів № 652 від 24.12.2025(""https://zakon.rada.gov.ua/rada/show/v0652201-25#n24"")}||",Історичні (Виключені)
41056600,"виключено на підставі Наказу Міністерства фінансів № 647 від 18.12.2024(""https://zakon.rada.gov.ua/rada/show/v0647201-24#n24"")}||",Історичні (Виключені)
41056700,"виключено на підставі Наказу Міністерства фінансів № 630 від 11.12.2024(""https://zakon.rada.gov.ua/rada/show/v0630201-24#n10"")}||",Історичні (Виключені)
41056800,"виключено на підставі Наказу Міністерства фінансів № 630 від 11.12.2024(""https://zakon.rada.gov.ua/rada/show/v0630201-24#n10"")}||",Історичні (Виключені)
41056900,"виключено на підставі Наказу Міністерства фінансів № 630 від 11.12.2024(""https://zakon.rada.gov.ua/rada/show/v0630201-24#n10"")}||",Історичні (Виключені)
41057000,"виключено на підставі Наказу Міністерства фінансів № 434 від 15.12.2022(""https://zakon.rada.gov.ua/rada/show/v0434201-22#n24"")}||",Історичні (Виключені)
41057200,"виключено на підставі Наказу Міністерства фінансів № 630 від 11.12.2024(""https://zakon.rada.gov.ua/rada/show/v0630201-24#n10"")}||",Історичні (Виключені)
41057400,"виключено на підставі Наказу Міністерства фінансів № 630 від 11.12.2024(""https://zakon.rada.gov.ua/rada/show/v0630201-24#n10"")}||",Історичні (Виключені)
41057500,"виключено на підставі Наказу Міністерства фінансів № 630 від 11.12.2024(""https://zakon.rada.gov.ua/rada/show/v0630201-24#n10"")}||",Історичні (Виключені)
41057600,"виключено на підставі Наказу Міністерства фінансів № 630 від 11.12.2024(""https://zakon.rada.gov.ua/rada/show/v0630201-24#n10"")}||",Історичні (Виключені)
41057700,"виключено на підставі Наказу Міністерства фінансів № 652 від 24.12.2025(""https://zakon.rada.gov.ua/rada/show/v0652201-25#n24"")}||",Історичні (Виключені)
41058100,"виключено на підставі Наказу Міністерства фінансів № 630 від 11.12.2024(""https://zakon.rada.gov.ua/rada/show/v0630201-24#n10"")}||",Історичні (Виключені)
41058200,"виключено на підставі Наказу Міністерства фінансів № 652 від 24.12.2025(""https://zakon.rada.gov.ua/rada/show/v0652201-25#n24"")}||",Історичні (Виключені)
41058300,"виключено на підставі Наказу Міністерства фінансів № 652 від 24.12.2025(""https://zakon.rada.gov.ua/rada/show/v0652201-25#n24"")}||",Історичні (Виключені)
41058400,"виключено на підставі Наказу Міністерства фінансів № 630 від 11.12.2024(""https://zakon.rada.gov.ua/rada/show/v0630201-24#n10"")}||",Історичні (Виключені)
41058500,"виключено на підставі Наказу Міністерства фінансів № 630 від 11.12.2024(""https://zakon.rada.gov.ua/rada/show/v0630201-24#n10"")}||",Історичні (Виключені)
41058600,"виключено на підставі Наказу Міністерства фінансів № 630 від 11.12.2024(""https://zakon.rada.gov.ua/rada/show/v0630201-24#n10"")}||",Історичні (Виключені)
41030200,"|Субвенція з державного бюджету обласному бюджету Івано-Франківської області для здійснення природоохоронних заходів із видалення, перевезення та утилізації небезпечних відходів гексахлорбензолу у зоні консервації Домбровського кар'єру в Калуському районі|",Війна та безпека
41034600,"|Субвенція з державного бюджету місцевим бюджетам на здійснення заходів щодо підтримки територій, що зазнали негативного впливу внаслідок збройного конфлікту на сході України|",Війна та безпека
41053300,|Субвенція з місцевого бюджету на утримання об'єктів спільного користування чи ліквідацію негативних наслідків діяльності об'єктів спільного користування|,Війна та безпека
41058800,"|Субвенція з місцевого бюджету на здійснення заходів щодо підтримки територій, що зазнали негативного впливу внаслідок збройного конфлікту на сході України за рахунок відповідної субвенції з державного бюджету|",Війна та безпека
41036200,|Субвенція з державного бюджету місцевим бюджетам на створення центрів культурних послуг|,Культура та спорт
41058000,|Субвенція з місцевого бюджету на створення центрів культурних послуг за рахунок відповідної субвенції з державного бюджету|,Культура та спорт
41030400,"|Субвенція з державного бюджету районному бюджету Чернігівського району на виконання робіт з капітального ремонту будівлі поліклініки комунального некомерційного підприємства ""Чернігівська центральна районна лікарня"" Чернігівської районної ради Чернігівської області по вул. Шевченка, 114, у м. Чернігові|",Медицина
41031300,"|Субвенція з державного бюджету місцевим бюджетам на виплату грошової компенсації за належні для отримання жилі приміщення для сімей осіб, визначених у абзаці чотирнадцятому(""https://zakon.rada.gov.ua/rada/show/3551-12#n519"") пункту 1 статті 10 Закону України ""Про статус ветеранів війни, гарантії їх соціального захисту"", для осіб з інвалідністю I - II групи, які стали особами з інвалідністю внаслідок поранень, каліцтва, контузії чи інших ушкоджень здоров'я, одержаних під час участі у Революції Гідності, визначених пунктом 10(""https://zakon.rada.gov.ua/rada/show/3551-12#n97"") частини другої статті 7 Закону України ""Про статус ветеранів війни, гарантії їх соціального захисту"", та які потребують поліпшення житлових умов,|",Медицина
41033000,|Субвенція з державного бюджету місцевим бюджетам на здійснення підтримки окремих закладів та заходів у системі охорони здоров'я|,Медицина
41033200,"|Субвенція з державного бюджету бюджету Чернеччинської сільської територіальної громади на виконання робіт з нового будівництва закладу охорони здоров'я по вул. Полтавській, 44, в с. Хухра Охтирського району Сумської області|",Медицина
41033400,"|Субвенція з державного бюджету районному бюджету Чернігівського району на реалізацію проекту «Капітальний ремонт приміщень трьохповерхової будівлі поліклініки комунального некомерційного підприємства «Чернігівська центральна районна лікарня» Чернігівської районної ради Чернігівської області за адресою: м. Чернігів, вул. Шевченка, 114» (Коригування)»|",Медицина
41033700,"|Субвенція з державного бюджету бюджету Славутицької міської територіальної громади на реалізацію проекту ""Реконструкція покрівлі будівлі головного корпусу ""Славутицька міська лікарня"" СМР за адресою: Київська обл., м. Славутич, вул. Збройних Сил України, буд. 7"" (Коригування)""|",Медицина
41034000,"|Субвенція з державного бюджету бюджету Великодимерської селищної територіальної громади на реалізацію проекту ""Капітальний ремонт медамбулаторії по вул. Богдана Хмельницького в с. Богданівка Броварського району Київської області (коригування)""|",Медицина
41034100,"|Субвенція з державного бюджету бюджету Чугуївської міської територіальної громади на реалізацію проекту ""Поточний ремонт по відновленню приміщень та покрівлі КНП ""Чугуївська центральна лікарня ім. М.І. Кононенка"" за адресою Харківська обл., м. Чугуїв, вул. Гвардійська, 52""|",Медицина
41034900,"|Субвенція з державного бюджету місцевим бюджетам на реформування регіональних систем охорони здоров'я для здійснення заходів з виконання спільного з Міжнародним банком реконструкції та розвитку проекту ""Поліпшення охорони здоров'я на службі у людей |",Медицина
41036500,|Субвенція з державного бюджету місцевим бюджетам на облаштування безпечних умов у закладах охорони здоров'я|,Медицина
41037500,|Субвенція з державного бюджету місцевим бюджетам на реалізацію публічних інвестиційних проектів у сфері охорони здоров'я|,Медицина
41038300,"|Субвенція з державного бюджету обласному бюджету Миколаївської області на реалізацію проекту «Нове будівництво амбулаторії загальної практики сімейної медицини за адресою: Миколаївська область, Миколаївський район, село Прибузьке, вулиця Гастелло, 9 а» Коригування»|",Медицина
41052100,"|Субвенція з місцевого бюджету на реформування регіональних систем охорони здоров'я для здійснення заходів з виконання спільного з Міжнародним банком реконструкції та розвитку проекту ""Поліпшення охорони здоров'я на службі у людей"" за рахунок відповідної субвенції з державного бюджету|",Медицина
41054200,"|Субвенція з місцевого бюджету на виплату грошової компенсації за належні для отримання жилі приміщення для сімей осіб, визначених у абзаці чотирнадцятому(""https://zakon.rada.gov.ua/rada/show/3551-12#n519"") пункту 1 статті 10 Закону України ""Про статус ветеранів війни, гарантії їх соціального захисту"", для осіб з інвалідністю I - II групи, які стали особами з інвалідністю внаслідок поранень, каліцтва, контузії чи інших ушкоджень здоров'я, одержаних під час участі у Революції Гідності, визначених пунктом 10 (""https://zakon.rada.gov.ua/rada/show/3551-12#n97"")частини другої статті 7 Закону України ""Про статус ветеранів війни, гарантії їх соціального захисту"", та які потребують поліпшення житлових умов за рахунок відповідної субвенції з державного бюджету|",Медицина
41055000,|Субвенція з місцевого бюджету на здійснення підтримки окремих закладів та заходів у системі охорони здоров'я за рахунок відповідної субвенції з державного бюджету|,Медицина
41055100,"|Субвенція з місцевого бюджету на реалізацію проектів з реконструкції, капітального ремонту приймальних відділень в опорних закладах охорони здоров'я у госпітальних округах за рахунок відповідної субвенції з державного бюджету|",Медицина
41059500,|Субвенція з місцевого бюджету на облаштування безпечних умов у закладах охорони здоров'я за рахунок відповідної субвенції з державного бюджету|,Медицина
41030300,"|Субвенція з державного бюджету місцевим бюджетам на відновлення роботи комунальних закладів освіти, що пошкоджені/знищені внаслідок бойових дій|",Освіта
41031100,|Субвенція з державного бюджету місцевим бюджетам на забезпечення харчуванням учнів закладів загальної середньої освіти|,Освіта
41031900,|Субвенція з державного бюджету місцевим бюджетам на реалізацію публічного інвестиційного проекту на безперешкодний доступ до якісної освіти - шкільні автобуси|,Освіта
41032200,"|Субвенція з державного бюджету місцевим бюджетам на реалізацію публічного інвестиційного проекту на модернізацію та оновлення матеріально-технічної бази військових (військово-морських, військово-спортивних) ліцеїв, закладів освіти з посиленою військово-фізичною підготовкою|",Освіта
41032800,"|Субвенція з державного бюджету місцевим бюджетам на реалізацію публічного інвестиційного проекту на облаштування безпечних умов (облаштування укриттів) у закладах, що надають загальну середню освіту, зокрема військових (військово-морських, військово-спортивних) ліцеях, ліцеях із посиленою військово-фізичною підготовкою, та у закладах дошкільної освіти|",Освіта
41033300,|Субвенція з державного бюджету місцевим бюджетам на забезпечення харчуванням учнів початкових класів закладів загальної середньої освіти|,Освіта
41033500,"|Субвенція з державного бюджету місцевим бюджетам на реалізацію публічного інвестиційного проекту на придбання обладнання, створення та модернізацію (проведення реконструкції та капітального ремонту) їдалень (харчоблоків) закладів освіти, зокрема військових (військово-морських, військово-спортивних) ліцеїв, ліцеїв із посиленою військово-фізичною підготовкою|",Освіта
41033600,"|Субвенція з державного бюджету місцевим бюджетам на реалізацію публічного інвестиційного проекту на облаштування безпечних умов у закладах, що надають загальну середню освіту (протипожежний захист), зокрема військових (військово-морських, військово-спортивних) ліцеях, ліцеях із посиленою військово-фізичною підготовкою|",Освіта
41033800,"|Субвенція з державного бюджету місцевим бюджетам на реалізацію публічного інвестиційного проекту на модернізацію майстерень і лабораторій закладів професійної та фахової передвищої освіти, забезпечення енергоефективності, безпеки та інклюзивності освітнього простору|",Освіта
41033900,|Освітня субвенція з державного бюджету місцевим бюджетам |,Освіта
41034200,|Субвенція з державного бюджету місцевим бюджетам на задоволення потреб у забезпеченні безпечного освітнього середовища|,Освіта
41035400,|Субвенція з державного бюджету місцевим бюджетам на надання державної підтримки особам з особливими освітніми потребами|,Освіта
41036000,"|Субвенція з державного бюджету місцевим бюджетам на реалізацію публічного інвестиційного проекту на забезпечення якісної, сучасної та доступної загальної середньої освіти ""Нова українська школа""|",Освіта
41036300,|Субвенція з державного бюджету місцевим бюджетам на здійснення доплат педагогічним працівникам закладів загальної середньої освіти|,Освіта
41037200,"|Субвенція з державного бюджету місцевим бюджетам на забезпечення якісної, сучасної та доступної загальної середньої освіти ""Нова українська школа""|",Освіта
41037400,|Субвенція з державного бюджету місцевим бюджетам на покращення якості гарячого харчування та фінансування харчування учнів початкових класів закладів загальної середньої освіти|,Освіта
41037900,"|Субвенція з державного бюджету місцевим бюджетам на реалізацію публічного інвестиційного проекту «Безперешкодний доступ до якісної освіти - шкільні автобуси» за рахунок залишку коштів спеціального фонду державного бюджету, джерелом формування якого були кошти, отримані у 2024 році на рахунок  для задоволення потреб освіти і науки|",Освіта
41038000,"|Субвенція з державного бюджету місцевим бюджетам для забезпечення діяльності закладів культури та закладів освіти сфери культури, які постраждали внаслідок збройної агресії Російської Федерації проти України|",Освіта
41050300,|Субвенція з місцевого бюджету на забезпечення харчуванням учнів закладів загальної середньої освіти за рахунок відповідної субвенції з державного бюджету|,Освіта
41050700,"|Субвенція з місцевого бюджету на реалізацію публічного інвестиційного проекту на модернізацію та оновлення матеріально-технічної бази військових (військово-морських, військово-спортивних) ліцеїв, закладів освіти з посиленою військово-фізичною підготовкою за рахунок відповідної субвенції з державного бюджету|",Освіта
41051000,|Субвенція з місцевого бюджету на здійснення переданих видатків у сфері освіти за рахунок коштів освітньої субвенції|,Освіта
41051100,"|Субвенція з місцевого бюджету за рахунок залишку коштів освітньої субвенції, що утворився на початок бюджетного періоду|",Освіта
41051200,|Субвенція з місцевого бюджету на надання державної підтримки особам з особливими освітніми потребами за рахунок відповідної субвенції з державного бюджету|,Освіта
41051300,"|Субвенція з місцевого бюджету на реалізацію публічного інвестиційного проекту на модернізацію майстерень і лабораторій закладів професійної та фахової передвищої освіти, забезпечення енергоефективності, безпеки та інклюзивності освітнього простору за рахунок відповідної субвенції з державного бюджету|",Освіта
41051400,"|Субвенція з місцевого бюджету на забезпечення якісної, сучасної та доступної загальної середньої освіти ""Нова українська школа"" за рахунок відповідної субвенції з державного бюджету|",Освіта
41051700,"|Субвенція з місцевого бюджету за рахунок залишку коштів субвенції на надання державної підтримки особам з особливими освітніми потребами, що утворився на початок бюджетного періоду|",Освіта
41051800,"|Субвенція з місцевого бюджету на реалізацію публічного інвестиційного проекту «Безперешкодний доступ до якісної освіти - шкільні автобуси» за рахунок залишку коштів спеціального фонду державного бюджету, джерелом формування якого були кошти, отримані у 2024 році на рахунок для задоволення потреб освіти і науки, за рахунок відповідної  субвенції з державного бюджету|",Освіта
41055500,|Субвенція з місцевого бюджету на покращення якості гарячого харчування та фінансування харчування учнів початкових класів закладів загальної середньої освіти за рахунок відповідної субвенції з державного бюджету|,Освіта
41057800,"|Субвенція з місцевого бюджету на реалізацію публічного інвестиційного проекту на придбання обладнання, створення та модернізацію (проведення реконструкції та капітального ремонту) їдалень (харчоблоків) закладів освіти, зокрема військових (військово-морських, військово-спортивних) ліцеїв, ліцеїв із посиленою військово-фізичною підготовкою за рахунок відповідної субвенції з державного бюджету|",Освіта
41057900,"|Субвенція з місцевого бюджету на реалізацію публічного інвестиційного проекту на облаштування безпечних умов у закладах, що надають загальну середню освіту (протипожежний захист), зокрема військових (військово-морських, військово-спортивних) ліцеях, ліцеях із посиленою військово-фізичною підготовкою за рахунок відповідної субвенції з державного бюджету|",Освіта
41058900,|Субвенція з місцевого бюджету на реалізацію публічного інвестиційного проекту на безперешкодний доступ до якісної освіти - шкільні автобуси за рахунок відповідної субвенції з державного бюджету|,Освіта
41059000,"|Субвенція з місцевого бюджету на реалізацію публічного інвестиційного проекту на облаштування безпечних умов (облаштування укриттів) у закладах, що надають загальну середню освіту, зокрема військових (військово-морських, військово-спортивних) ліцеях, ліцеях із посиленою військово-фізичною підготовкою, та у закладах дошкільної освіти за рахунок відповідної субвенції з державного бюджету|",Освіта
41059600,|Субвенція з місцевого бюджету на забезпечення харчуванням учнів початкових класів закладів загальної середньої освіти за рахунок відповідної субвенції з державного бюджету|,Освіта
41059700,"|Субвенція з місцевого бюджету на реалізацію публічного інвестиційного проекту на забезпечення якісної, сучасної та доступної загальної середньої освіти ""Нова українська школа"" за рахунок відповідної субвенції з державного бюджету|",Освіта
41059800,|Субвенція з місцевого бюджету на здійснення доплат педагогічним працівникам закладів загальної середньої освіти за рахунок відповідної субвенції з державного бюджету|,Освіта
41030500,"|Субвенція з державного бюджету місцевим бюджетам на виплату грошової компенсації за належні для отримання жилі приміщення для внутрішньо переміщених осіб, які захищали незалежність, суверенітет та територіальну цілісність України і брали безпосередню участь в антитерористичній операції, забезпеченні її проведення, перебуваючи безпосередньо в районах антитерористичної операції у період її проведення, у здійсненні заходів із забезпечення національної безпеки і оборони, відсічі і стримування збройної агресії Російської Федерації у Донецькій та Луганській областях, забезпеченні їх здійснення, перебуваючи безпосередньо в районах та у період здійснення зазначених заходів, та визнані особами з інвалідністю внаслідок війни III групи відповідно до пунктів 11 - 14(""https://zakon.rada.gov.ua/rada/show/3551-12#n103"") частини другої статті 7 або учасниками бойових дій відповідно до пунктів 19 - 21(""https://zakon.rada.gov.ua/rada/show/3551-12#n73"") частини першої статті 6 Закону України ""Про статус ветеранів війни, гарантії їх соціального захисту"", та які потребують поліпшення житлових умов|",Соціальний захист
41030800,"|Субвенція з державного бюджету місцевим бюджетам на реалізацію публічного інвестиційного проекту із виплати грошової компенсації за належні для отримання жилі приміщення для сімей осіб, визначених пунктами 2 - 5(""https://zakon.rada.gov.ua/rada/show/3551-12#n659"") частини першої статті 10-1 Закону України ""Про статус ветеранів війни, гарантії їх соціального захисту"", для осіб з інвалідністю I - II групи, яка настала внаслідок поранення, контузії, каліцтва або захворювання, одержаних під час безпосередньої участі в антитерористичній операції, забезпеченні її проведення, здійсненні заходів із забезпечення національної безпеки і оборони, відсічі і стримування збройної агресії Російської Федерації у Донецькій та Луганській областях, забезпеченні їх здійснення, у заходах, необхідних для забезпечення оборони України, захисту безпеки населення та інтересів держави у зв'язку з військовою агресією Російської Федерації проти України, визначених пунктами 11 - 14(""https://zakon.rada.gov.ua/rada/show/3551-12#n103"") частини другої статті 7 Закону України ""Про статус ветеранів війни, гарантії їх соціального захисту"", та які потребують поліпшення житлових умов|",Соціальний захист
41030900,|Субвенція з державного бюджету місцевим бюджетам на реалізацію програми публічних інвестицій із забезпечення житлом дитячих будинків сімейного типу|,Соціальний захист
41031500,|Субвенція з державного бюджету бюджету Жовтоводської міської територіальної громади на виконання заходів щодо радіаційного та соціального захисту населення міста Жовтих Вод|,Соціальний захист
41032300,|Субвенція з державного бюджету місцевим бюджетам на формування фондів житла для тимчасового проживання або підтриманого проживання евакуйованих та внутрішньо переміщених осіб і заходів щодо забезпечення їх житлом у сільській місцевості|,Соціальний захист
41034300,|Субвенція з державного бюджету бюджету Харківської міської територіальної громади на аварійно-відновлювальні роботи житлово-комунальної сфери|,Соціальний захист
41034400,"|Субвенція з державного бюджету місцевим бюджетам на проектні, будівельно-ремонтні роботи, придбання житла та приміщень для розвитку сімейних та інших форм виховання, наближених до сімейних, підтримку малих групових будинків та забезпечення житлом дітей-сиріт, дітей, позбавлених батьківського піклування, осіб з їх числа|",Соціальний захист
41034500,|Субвенція з державного бюджету місцевим бюджетам на здійснення заходів щодо соціально-економічного розвитку окремих територій|,Соціальний захист
41034800,"|Субвенція з державного бюджету місцевим бюджетам на проектування, відновлення, будівництво, модернізацію, облаштування, ремонт об'єктів будівництва громадського призначення, соціальної сфери, культурної спадщини, житлово-комунального господарства, інших об'єктів, що мають вплив на життєдіяльність населення|",Соціальний захист
41035100,"|Субвенція з державного бюджету місцевим бюджетам на фінансування заходів соціально-економічної компенсації ризику населення, яке проживає на території зони спостереження  |",Соціальний захист
41035800,"|Субвенція з державного бюджету місцевим бюджетам на забезпечення діяльності фахівців із супроводу ветеранів війни та демобілізованих осіб та окремі заходи з підтримки осіб, які захищали незалежність, суверенітет та територіальну цілісність України|",Соціальний захист
41036100,"|Субвенція з державного бюджету місцевим бюджетам на виплату грошової компенсації за належні для отримання жилі приміщення для сімей осіб, визначених пунктами 2 - 5(""https://zakon.rada.gov.ua/rada/show/3551-12#n659"") частини першої статті 10-1 Закону України ""Про статус ветеранів війни, гарантії їх соціального захисту"", для осіб з інвалідністю I - II групи, яка настала внаслідок поранення, контузії, каліцтва або захворювання, одержаних під час безпосередньої участі в антитерористичній операції, забезпеченні її проведення, здійсненні заходів із забезпечення національної безпеки і оборони, відсічі і стримування збройної агресії Російської Федерації у Донецькій та Луганській областях, забезпеченні їх здійснення, у заходах, необхідних для забезпечення оборони України, захисту безпеки населення та інтересів держави у зв'язку з військовою агресією Російської Федерації проти України, визначених пунктами 11 - 14(""https://zakon.rada.gov.ua/rada/show/3551-12#n103"") частини другої статті 7 Закону України ""Про статус ветеранів війни, гарантії їх соціального захисту"", та які потребують поліпшення житлових умов|",Соціальний захист
41036400,"|Субвенція з державного бюджету місцевим бюджетам на виплату грошової компенсації за належні для отримання жилі приміщення для сімей учасників бойових дій на території інших держав, визначених у абзаці першому(""https://zakon.rada.gov.ua/rada/show/3551-12#n149"") пункту 1 статті 10 Закону України ""Про статус ветеранів війни, гарантії їх соціального захисту"", для осіб з інвалідністю I - II групи з числа учасників бойових дій на території інших держав, інвалідність яких настала внаслідок поранення, контузії, каліцтва або захворювання, пов'язаних з перебуванням у цих державах, визначених пунктом 7(""https://zakon.rada.gov.ua/rada/show/3551-12#n92"") частини другої статті 7 Закону України ""Про статус ветеранів війни, гарантії їх соціального захисту"", та які потребують поліпшення житлових умов|",Соціальний захист
41036600,"|Субвенція з державного бюджету місцевим бюджетам на компенсацію різниці в тарифах на теплову енергію, послуги з постачання теплової енергії та постачання гарячої води згідно із Законом України(""https://zakon.rada.gov.ua/rada/show/2479-20"") ""Про особливості регулювання відносин на ринку природного газу та у сфері теплопостачання під час дії воєнного стану та подальшого відновлення їх функціонування"", послуги з централізованого постачання холодної води та водовідведення (з використанням внутрішньобудинкових систем), послуги з централізованого водопостачання і централізованого водовідведення згідно із Законом України(""https://zakon.rada.gov.ua/rada/show/1730-19"") ""Про заходи, спрямовані на врегулювання заборгованості теплопостачальних та теплогенеруючих організацій та підприємств централізованого водопостачання і водовідведення""|",Соціальний захист
41036800,"|Субвенція з державного бюджету місцевим бюджетам на реалізацію проекту ""Ремонт житла для відновлення прав і можливостей людей (HOPE)""|",Соціальний захист
41037800,|Субвенція з державного бюджету місцевим бюджетам на реалізацію публічного інвестиційного проекту із розвитку ветеранських просторів|,Соціальний захист
41050100,|Субвенція з місцевого бюджету на реалізацію програми публічних інвестицій із забезпечення житлом дитячих будинків сімейного типу за рахунок відповідної субвенції з державного бюджету|,Соціальний захист
41050200,"|Субвенція з місцевого бюджету на реалізацію публічного інвестиційного проекту із виплати грошової компенсації за належні для отримання жилі приміщення для сімей осіб, визначених пунктами 2 - 5(""https://zakon.rada.gov.ua/rada/show/3551-12#n659"") частини першої статті 10-1 Закону України ""Про статус ветеранів війни, гарантії їх соціального захисту"", для осіб з інвалідністю I - II групи, яка настала внаслідок поранення, контузії, каліцтва або захворювання, одержаних під час безпосередньої участі в антитерористичній операції, забезпеченні її проведення, здійсненні заходів із забезпечення національної безпеки і оборони, відсічі і стримування збройної агресії Російської Федерації у Донецькій та Луганській областях, забезпеченні їх здійснення, у заходах, необхідних для забезпечення оборони України, захисту безпеки населення та інтересів держави у зв'язку з військовою агресією Російської Федерації проти України, визначених пунктами 11 - 14(""https://zakon.rada.gov.ua/rada/show/3551-12#n103"") частини другої статті 7 Закону України ""Про статус ветеранів війни, гарантії їх соціального захисту"", та які потребують поліпшення житлових умов, за рахунок відповідної субвенції з державного бюджету|",Соціальний захист
41050400,"|Субвенція з місцевого бюджету на виплату грошової компенсації за належні для отримання жилі приміщення для сімей осіб, визначених пунктами 2 - 5(""https://zakon.rada.gov.ua/rada/show/3551-12#n659"") частини першої статті 10-1 Закону України ""Про статус ветеранів війни, гарантії їх соціального захисту"", для осіб з інвалідністю I - II групи, яка настала внаслідок поранення, контузії, каліцтва або захворювання, одержаних під час безпосередньої участі в антитерористичній операції, забезпеченні її проведення, здійсненні заходів із забезпечення національної безпеки і оборони, відсічі і стримування збройної агресії Російської Федерації у Донецькій та Луганській областях, забезпеченні їх здійснення, у заходах, необхідних для забезпечення оборони України, захисту безпеки населення та інтересів держави у зв'язку з військовою агресією Російської Федерації проти України, визначених пунктами 11 - 14(""https://zakon.rada.gov.ua/rada/show/3551-12#n103"") частини другої статті 7 Закону України ""Про статус ветеранів війни, гарантії їх соціального захисту"", та які потребують поліпшення житлових умов за рахунок відповідної субвенції з державного бюджету|",Соціальний захист
41050500,"|Субвенція з місцевого бюджету на виплату грошової компенсації за належні для отримання жилі приміщення для сімей учасників бойових дій на території інших держав, визначених у абзаці першому(""https://zakon.rada.gov.ua/rada/show/3551-12#n149"") пункту 1 статті 10 Закону України ""Про статус ветеранів війни, гарантії їх соціального захисту"", для осіб з інвалідністю I - II групи з числа учасників бойових дій на території інших держав, інвалідність яких настала внаслідок поранення, контузії, каліцтва або захворювання, пов'язаних з перебуванням у цих державах, визначених пунктом 7(""https://zakon.rada.gov.ua/rada/show/3551-12#n92"") частини другої статті 7 Закону України ""Про статус ветеранів війни, гарантії їх соціального захисту"", та які потребують поліпшення житлових умов за рахунок відповідної субвенції з державного бюджету|",Соціальний захист
41050600,"|Субвенція з місцевого бюджету на виплату грошової компенсації за належні для отримання жилі приміщення для внутрішньо переміщених осіб, які захищали незалежність, суверенітет та територіальну цілісність України і брали безпосередню участь в антитерористичній операції, забезпеченні її проведення, перебуваючи безпосередньо в районах антитерористичної операції у період її проведення, у здійсненні заходів із забезпечення національної безпеки і оборони, відсічі і стримування збройної агресії Російської Федерації у Донецькій та Луганській областях, забезпеченні їх здійснення, перебуваючи безпосередньо в районах та у період здійснення зазначених заходів, та визнані особами з інвалідністю внаслідок війни III групи відповідно до пунктів 11 - 14(""https://zakon.rada.gov.ua/rada/show/3551-12#n103"") частини другої статті 7 або учасниками бойових дій відповідно до пунктів 19 - 21(""https://zakon.rada.gov.ua/rada/show/3551-12#n73"") частини першої статті 6 Закону України ""Про статус ветеранів війни, гарантії їх соціального захисту"", та які потребують поліпшення житлових умов за рахунок відповідної субвенції з державного бюджету|",Соціальний захист
41050800,"|Субвенція з місцевого бюджету на фінансування заходів соціально-економічної компенсації ризику населення, яке проживає на території зони спостереження, за рахунок відповідної субвенції з державного бюджету|",Соціальний захист
41050900,"|Субвенція з місцевого бюджету на проектні, будівельно-ремонтні роботи, придбання житла та приміщень для розвитку сімейних та інших форм виховання, наближених до сімейних, підтримку малих групових будинків та забезпечення житлом дітей-сиріт, дітей, позбавлених батьківського піклування, осіб з їх числа за рахунок відповідної субвенції з державного бюджету|",Соціальний захист
41051500,|Субвенція з місцевого бюджету на формування фондів житла для тимчасового проживання або підтриманого проживання евакуйованих та внутрішньо переміщених осіб і заходів щодо забезпечення їх житлом у сільській місцевості за рахунок відповідної субвенції з державного бюджету|,Соціальний захист
41052900,"|Субвенція з місцевого бюджету на компенсацію різниці в тарифах на теплову енергію, послуги з постачання теплової енергії та постачання гарячої води згідно із Законом України(""https://zakon.rada.gov.ua/rada/show/2479-20"") ""Про особливості регулювання відносин на ринку природного газу та у сфері теплопостачання під час дії воєнного стану та подальшого відновлення їх функціонування"", послуги з централізованого постачання холодної води та водовідведення (з використанням внутрішньобудинкових систем), послуги з централізованого водопостачання і централізованого водовідведення згідно із Законом України(""https://zakon.rada.gov.ua/rada/show/1730-19"") ""Про заходи, спрямовані на врегулювання заборгованості теплопостачальних та теплогенеруючих організацій та підприємств централізованого водопостачання і водовідведення"" за рахунок відповідної субвенції з державного бюджету|",Соціальний захист
41054100,"|Субвенція  з місцевого бюджету на здійснення заходів щодо соціально-економічного розвитку окремих територій за рахунок залишку коштів відповідної субвенції з державного бюджету, що утворився на початок бюджетного періоду|",Соціальний захист
41055400,"|Субвенція з місцевого бюджету на реалізацію публічного інвестиційного проекту із розвитку ветеранських просторів, за рахунок відповідної субвенції з державного бюджету|",Соціальний захист
41059200,"|Субвенція з місцевого бюджету на проектування, відновлення, будівництво, модернізацію, облаштування, ремонт об'єктів будівництва громадського призначення, соціальної сфери, культурної спадщини, житлово-комунального господарства, інших об'єктів, що мають вплив на життєдіяльність населення, за рахунок відповідної субвенції з державного бюджету|",Соціальний захист
41059300,"|Субвенція з місцевого бюджету на забезпечення діяльності фахівців із супроводу ветеранів війни та демобілізованих осіб та окремі заходи з підтримки осіб, які захищали незалежність, суверенітет та територіальну цілісність України, за рахунок відповідної субвенції з державного бюджету|",Соціальний захист
41059400,"|Субвенція з місцевого бюджету на реалізацію проекту ""Ремонт житла для відновлення прав і можливостей людей (HOPE)"" за рахунок відповідної субвенції з державного бюджету|",Соціальний захист
